{"min": [-0.708852, -0.667601, -0.364646], "max": [0.72314, 0.154468, 0.384498]}